theta_over_pi,EX_eV,Neq,dEXdtheta_eV,dNdtheta,tau1_eV,eta_260ps,eta_500ps,eta_800ps
0.08,1.3448804467253253,0.00012109233054227275,0.0018237436449908273,-8.104846297270424e-6,2.208413682835986e-7,-0.0058386999219086,-0.011228269080593462,-0.01796523052894954
0.12941176470588237,1.345248025270027,0.00011946360280537717,0.002903210569726866,-1.2826028627238996e-5,3.4682799436222307e-7,-0.014708836548540525,-0.028286224131808705,-0.04525795861089392
0.17882352941176471,1.3457783913069685,0.0001171304922679868,0.003917092781247078,-1.715794048229031e-5,4.5881100572684777e-7,-0.02654829263722854,-0.05105440891774719,-0.08168705426839551
0.2282352941176471,1.3464595357374336,0.00011416325002904037,0.004842073386690515,-2.0977345286383293e-5,5.527868347037116e-7,-0.04012263756401492,-0.07715891839233638,-0.12345426942773821
0.2776470588235294,1.3472759530018283,0.00011064959130194109,0.005656497880091038,-2.418314644084187e-5,6.258891786323695e-7,-0.05403411156097736,-0.10391175300187956,-0.16625880480300725
0.32705882352941174,1.348208934890365,0.00010669098649977145,0.006340834440843324,-2.6699619240500277e-5,6.765098817253009e-7,-0.06687427127437447,-0.12860436783533552,-0.2057669885365368
0.3764705882352941,1.3492369354884994,0.0001023985803476412,0.006878128986365084,-2.847796215037473e-5,7.04310643651745e-7,-0.0773725312496918,-0.14879332932633038,-0.23806932692212862
0.4258823529411765,1.3503360058565657,9.788900018531698e-5,0.007254447091931127,-2.9496189604360482e-5,7.101305727264183e-7,-0.08452356662678627,-0.16254532043612746,-0.2600725126978039
0.47529411764705887,1.351480295571018,9.328029966327705e-5,0.007459291325728756,-2.975753335211003e-5,6.958049301396615e-7,-0.087680310424644,-0.1686159815858539,-0.2697855705373662
0.5247058823529412,1.3526426162231848,8.868824867387938e-5,0.00748597935640305,-2.9287635158335885e-5,6.639183987282013e-7,-0.08660451055720303,-0.1665471356869289,-0.26647541709908623
0.5741176470588235,1.3537950593856254,8.422312987775708e-5,0.007331964332335517,-2.813089138069486e-5,6.175209842213766e-7,-0.0814725703783632,-0.1566780199583908,-0.2506848319334253
0.6235294117647059,1.3549096584884481,7.99871430015992e-5,0.006999076536118309,-2.6346344297428466e-5,5.598361357736328e-7,-0.07283979020041827,-0.140076519616189,-0.2241224313859024
0.6729411764705883,1.3559590806547284,7.607245686126342e-5,0.0064936639909696225,-2.4003507398756238e-5,4.939889738245763e-7,-0.061570417560416445,-0.11840464915464702,-0.1894474386474352
0.7223529411764705,1.35691733107349,7.25598919226719e-5,0.005826609874581834,-2.117846826024932e-5,4.2277818277523076e-7,-0.048743652344852326,-0.09373779297086988,-0.14998046875339177
0.771764705882353,1.3577604492750404,6.951816813131071e-5,0.005013207952098142,-1.795054111666664e-5,3.485090332911825e-7,-0.03554682739665656,-0.06835928345510876,-0.10937485352817401
0.8211764705882353,1.358467174114388,6.70036172083762e-5,0.004072882401340294,-1.4399652799288484e-5,2.728978533541371e-7,-0.023166555822596704,-0.04455106888960905,-0.07128171022337448
0.8705882352941178,1.3590195527811535,6.506023751275385e-5,0.0030287467189804573,-1.0604549856039276e-5,1.970509809028425e-7,-0.012687112052542152,-0.02439829240873491,-0.039037267853975856
0.92,1.359403469113501,6.371996326506444e-5,0.0019070069057214312,-6.641821276314906e-6,1.215144099787938e-7,-0.005003190410031298,-0.00962152001929096,-0.015394432030865532
