theta,Ebright_eV,ECT_eV,dEb_dtheta_eV,dECT_dtheta_eV,Xoff_real_eV,Xoff_imag_eV
0.3141592653589793,1.3450090015397322,1.9644982642177689,0.0022670224986332263,-0.0007658963359592885,-0.006539962835167362,0.0
0.47123889803846897,1.345449834723289,1.9643461502952717,0.0033350023109115275,-0.0011744730125686203,-0.009796749136903253,0.0
0.6283185307179586,1.346052674636579,1.9641282026586766,0.004325704813472272,-0.0016035902526169866,-0.013033341500883635,0.0
0.7853981633974483,1.3468035154791447,1.9638416570883312,0.005215641475249706,-0.002046025429141604,-0.016236816061084902,0.0
0.9424777960769379,1.34768480863747,1.9634854823272083,0.005983273824434053,-0.0024871800522327688,-0.019390639562835398,0.0
1.0995574287564276,1.348675807301426,1.9630613954013945,0.006609500250086348,-0.002907061090247796,-0.022475154750097183,0.0
1.2566370614359172,1.3497529869381462,1.9625745100599343,0.0070781336915194636,-0.003282858077739207,-0.02546829839616776,0.0
1.413716694115407,1.350890539456665,1.9620335735381085,0.007376360191909565,-0.003591526640064218,-0.028346363455290118,0.0
1.5707963267948966,1.3520609370034444,1.9614508225588119,0.0074951642427222714,-0.0038120111204524992,-0.03108470118275234,0.0
1.7278759594743862,1.3532355588081935,1.9608415298108857,0.007429702903065036,-0.003926951411332556,-0.033658333726810756,0.0
1.8849555921538759,1.354385371390272,1.9602233242644602,0.007179607275632029,-0.0039238613624581545,-0.036042492431338745,0.0
2.0420352248333655,1.3554816488630415,1.9596153643817131,0.006749187498170585,-0.003795835479460212,-0.03821311355403861,0.0
2.199114857512855,1.3564967162630694,1.9590374324446134,0.006147516919671643,-0.0035418589447280373,-0.04014732033687872,0.0
2.356194490192345,1.3574046951123704,1.9585090068159818,0.005388372903589067,-0.003166788596847162,-0.041823908047891586,0.0
2.5132741228718345,1.3581822272125808,1.958048359506754,0.004490016439478776,-0.002681057235116229,-0.04322383355633616,0.0
2.670353755551324,1.3588091504356712,1.9576717192855768,0.003474800444167113,-0.0021001405575661845,-0.04433069723659057,0.0
2.827433388230814,1.3592690994693994,1.9573925350288834,0.0023686069696182838,-0.0014438190793497133,-0.04513119480144676,0.0
